serveur,site,url,code
210.32.14.25,dedecms.com,/nisi/eu/orci/mauris/lacinia/sapien/quis.json,302
145.25.66.1,admin.ch,/ut/tellus.jsp,200
145.25.66.1,gmpg.org,/ipsum/dolor/sit/amet/consectetuer/adipiscing/elit.js,200
145.25.66.1,microsoft.com,/nunc/purus.jsp,
145.25.66.1,xinhuanet.com,/nulla/facilisi.js,302
145.25.66.1,digg.com,/augue/vel/accumsan.xml,
145.25.66.1,ow.ly,/dis/parturient/montes/nascetur/ridiculus.aspx,200
210.32.14.25,issuu.com,/diam/in.aspx,302
105.23.6.4,free.fr,/consequat.jpg,
105.23.6.4,blogspot.com,/a/ipsum/integer/a/nibh/in.js,200
210.32.14.25,timesonline.co.uk,/vitae.jsp,302
145.25.66.1,amazonaws.com,/integer/ac/leo.jpg,302
145.25.66.1,de.vu,/consequat/nulla/nisl/nunc/nisl/duis/bibendum.json,200
145.25.66.1,youtube.com,/habitasse/platea/dictumst/maecenas/ut.aspx,200
210.32.14.25,de.vu,/convallis/duis/consequat.png,302
105.23.6.4,ehow.com,/at/nulla/suspendisse/potenti/cras/in.json,200
145.25.66.1,multiply.com,/dolor/quis/odio/consequat/varius.aspx,200
145.25.66.1,amazon.co.uk,/placerat/ante/nulla/justo/aliquam.html,302
210.32.14.25,jalbum.net,/velit.jpg,302
105.23.6.4,cnn.com,/eu.aspx,
145.25.66.1,google.com.au,/amet/sapien/dignissim/vestibulum/vestibulum/ante/ipsum.jpg,302
105.23.6.4,hp.com,/velit/id/pretium/iaculis.jpg,200
210.32.14.25,latimes.com,/ipsum.xml,302
105.23.6.4,theglobeandmail.com,/ipsum/primis/in/faucibus/orci/luctus.xml,
145.25.66.1,scientificamerican.com,/diam/id.jsp,200
145.25.66.1,narod.ru,/massa/donec.jpg,302
145.25.66.1,bing.com,/convallis.jpg,
105.23.6.4,webmd.com,/morbi/quis/tortor/id/nulla/ultrices/aliquet.json,200
145.25.66.1,nationalgeographic.com,/tempus/semper/est/quam/pharetra.js,200
105.23.6.4,goodreads.com,/ac.html,
210.32.14.25,nasa.gov,/habitasse/platea/dictumst.aspx,200
105.23.6.4,sciencedirect.com,/ridiculus/mus/vivamus.png,302
105.23.6.4,forbes.com,/in/faucibus/orci/luctus.png,
145.25.66.1,macromedia.com,/venenatis/tristique/fusce/congue/diam.png,
105.23.6.4,alexa.com,/interdum/mauris/non/ligula/pellentesque/ultrices/phasellus.aspx,
105.23.6.4,admin.ch,/malesuada/in/imperdiet/et.png,
210.32.14.25,blogs.com,/mauris/eget/massa/tempor/convallis/nulla/neque.js,
145.25.66.1,uiuc.edu,/curae/donec/pharetra.png,200
145.25.66.1,nifty.com,/odio/odio/elementum.jsp,302
145.25.66.1,hubpages.com,/maecenas/tincidunt/lacus/at/velit/vivamus.xml,200
210.32.14.25,google.com,/pretium/quis.json,200
210.32.14.25,tmall.com,/amet.js,
145.25.66.1,sogou.com,/nec/condimentum.js,
210.32.14.25,cbc.ca,/orci/luctus.html,302
145.25.66.1,tamu.edu,/egestas.html,302
210.32.14.25,chicagotribune.com,/libero/nam/dui/proin/leo/odio.jsp,200
105.23.6.4,etsy.com,/nulla/mollis/molestie/lorem/quisque/ut.jpg,200
145.25.66.1,infoseek.co.jp,/pede.aspx,200
210.32.14.25,boston.com,/nisl/ut.png,302
210.32.14.25,jigsy.com,/ut/dolor/morbi/vel.xml,200
145.25.66.1,bbb.org,/a/suscipit/nulla/elit/ac.json,302
145.25.66.1,irs.gov,/lacus/morbi/quis/tortor/id.js,
210.32.14.25,etsy.com,/elit/ac/nulla/sed/vel/enim/sit.js,200
105.23.6.4,npr.org,/morbi/non/lectus/aliquam.png,302
145.25.66.1,cnet.com,/nonummy.xml,302
145.25.66.1,opera.com,/id/nulla/ultrices/aliquet/maecenas/leo.xml,302
145.25.66.1,photobucket.com,/ligula/sit/amet/eleifend.html,302
145.25.66.1,yellowbook.com,/pellentesque.png,200
210.32.14.25,blinklist.com,/dolor/vel/est.aspx,
210.32.14.25,seesaa.net,/mauris/laoreet/ut/rhoncus/aliquet/pulvinar.aspx,302
210.32.14.25,instagram.com,/in/porttitor/pede.js,302
210.32.14.25,tinypic.com,/in.html,
210.32.14.25,cnbc.com,/volutpat/eleifend/donec/ut/dolor.json,
145.25.66.1,bravesites.com,/vitae/ipsum/aliquam/non/mauris/morbi.jpg,
145.25.66.1,google.de,/eget/vulputate.jsp,200
105.23.6.4,umich.edu,/lorem/integer/tincidunt/ante.xml,302
105.23.6.4,booking.com,/vestibulum/sit/amet/cursus/id/turpis.jpg,302
145.25.66.1,blogs.com,/pretium.js,302
210.32.14.25,soundcloud.com,/diam/vitae.jsp,
210.32.14.25,wikia.com,/risus/semper/porta/volutpat/quam.aspx,200
145.25.66.1,chicagotribune.com,/cubilia/curae/duis/faucibus/accumsan/odio.aspx,
210.32.14.25,cyberchimps.com,/morbi/non/lectus.png,200
105.23.6.4,mayoclinic.com,/rhoncus/dui/vel/sem/sed/sagittis/nam.json,302
105.23.6.4,imdb.com,/ultrices/vel/augue/vestibulum/ante/ipsum.png,
210.32.14.25,opensource.org,/nascetur.aspx,302
210.32.14.25,patch.com,/ante/vivamus/tortor/duis.jpg,302
145.25.66.1,exblog.jp,/amet/sapien/dignissim/vestibulum/vestibulum/ante.html,200
145.25.66.1,hp.com,/et/tempus/semper.png,
105.23.6.4,narod.ru,/metus.jsp,
210.32.14.25,prweb.com,/mauris/lacinia/sapien/quis.png,200
210.32.14.25,drupal.org,/mi/integer.html,
105.23.6.4,mlb.com,/cubilia/curae/duis.jpg,302
210.32.14.25,google.fr,/a/suscipit/nulla/elit/ac.png,200
105.23.6.4,reverbnation.com,/aliquam/non/mauris/morbi/non/lectus.xml,200
145.25.66.1,dion.ne.jp,/duis/mattis/egestas/metus.aspx,302
145.25.66.1,shutterfly.com,/eu/felis/fusce/posuere/felis/sed/lacus.json,200
145.25.66.1,google.ru,/diam/cras/pellentesque/volutpat/dui.png,302
210.32.14.25,shareasale.com,/vestibulum/ante/ipsum/primis.xml,200
145.25.66.1,rakuten.co.jp,/urna/pretium/nisl.png,302
105.23.6.4,netlog.com,/neque/sapien/placerat/ante/nulla.html,200
145.25.66.1,simplemachines.org,/vestibulum/aliquet.aspx,200
105.23.6.4,elpais.com,/dapibus/nulla/suscipit/ligula.js,200
210.32.14.25,examiner.com,/tempus/vivamus/in/felis/eu/sapien/cursus.html,200
105.23.6.4,un.org,/metus.jsp,302
210.32.14.25,twitpic.com,/augue/vestibulum/rutrum/rutrum/neque.png,
105.23.6.4,nba.com,/ac/nulla/sed/vel/enim/sit.jpg,302
210.32.14.25,amazon.com,/rhoncus/dui/vel.js,302
105.23.6.4,umn.edu,/elit/ac/nulla/sed/vel.jsp,302
210.32.14.25,google.com,/eget/semper/rutrum/nulla/nunc.jpg,200
105.23.6.4,hexun.com,/id/sapien/in/sapien/iaculis.xml,200
210.32.14.25,dion.ne.jp,/fermentum/donec/ut.png,200
145.25.66.1,ucla.edu,/id/sapien.json,
210.32.14.25,yellowbook.com,/suspendisse/potenti/in/eleifend.jpg,302
210.32.14.25,youtu.be,/accumsan/tellus.png,302
145.25.66.1,eepurl.com,/venenatis/lacinia/aenean/sit/amet.png,
210.32.14.25,army.mil,/convallis.jsp,302
210.32.14.25,businessinsider.com,/molestie/sed/justo.json,
105.23.6.4,meetup.com,/justo/maecenas/rhoncus/aliquam.jsp,302
105.23.6.4,unc.edu,/lectus/pellentesque.json,
145.25.66.1,globo.com,/justo/morbi/ut/odio/cras/mi.jpg,
210.32.14.25,surveymonkey.com,/tortor/id/nulla/ultrices.png,200
105.23.6.4,unicef.org,/posuere.js,200
145.25.66.1,salon.com,/orci/luctus.js,
210.32.14.25,va.gov,/at/vulputate/vitae/nisl/aenean/lectus/pellentesque.json,200
145.25.66.1,usgs.gov,/aenean/auctor.jsp,
105.23.6.4,google.com.au,/nullam/sit/amet/turpis/elementum/ligula.png,
105.23.6.4,ed.gov,/consequat/dui/nec/nisi/volutpat/eleifend/donec.jpg,302
105.23.6.4,nytimes.com,/dictumst/etiam/faucibus/cursus/urna/ut.html,200
105.23.6.4,goodreads.com,/lorem/ipsum/dolor/sit/amet.png,200
210.32.14.25,state.gov,/vitae/mattis/nibh/ligula/nec/sem/duis.xml,200
105.23.6.4,amazonaws.com,/nisi/eu/orci/mauris/lacinia.html,200
105.23.6.4,tuttocitta.it,/placerat/ante/nulla/justo/aliquam/quis/turpis.jsp,
145.25.66.1,chronoengine.com,/primis/in/faucibus/orci.aspx,302
210.32.14.25,gmpg.org,/ut/nulla/sed/accumsan/felis.xml,
145.25.66.1,hibu.com,/sollicitudin/mi/sit/amet/lobortis/sapien/sapien.aspx,302
210.32.14.25,salon.com,/sit/amet.xml,302
145.25.66.1,sakura.ne.jp,/lectus/pellentesque/at.js,302
145.25.66.1,mlb.com,/bibendum/felis.jsp,302
105.23.6.4,seattletimes.com,/nibh/quisque/id/justo/sit.json,
145.25.66.1,de.vu,/venenatis/tristique/fusce/congue/diam/id.json,302
145.25.66.1,discuz.net,/nibh/fusce.jpg,200
210.32.14.25,webeden.co.uk,/nisl.json,
105.23.6.4,nhs.uk,/id.json,302
145.25.66.1,youku.com,/consequat/metus.png,200
105.23.6.4,drupal.org,/aliquam.html,
105.23.6.4,altervista.org,/ultrices.jpg,
145.25.66.1,soundcloud.com,/sed/justo/pellentesque.png,302
105.23.6.4,unblog.fr,/cubilia/curae.aspx,200
145.25.66.1,engadget.com,/lectus/in/est/risus.json,302
145.25.66.1,marriott.com,/ultrices/libero.js,302
105.23.6.4,vk.com,/ipsum/ac.js,200
210.32.14.25,virginia.edu,/mauris/vulputate/elementum/nullam/varius.xml,
210.32.14.25,aol.com,/vulputate/nonummy.png,302
210.32.14.25,ibm.com,/cras/non/velit.aspx,302
145.25.66.1,cnet.com,/nulla/nisl.json,
145.25.66.1,shop-pro.jp,/enim/sit/amet.js,302
105.23.6.4,twitpic.com,/semper/interdum/mauris/ullamcorper/purus.xml,
105.23.6.4,usatoday.com,/nisi/volutpat/eleifend/donec.png,302
210.32.14.25,cmu.edu,/commodo/vulputate/justo.json,
145.25.66.1,angelfire.com,/nulla/quisque/arcu/libero/rutrum/ac/lobortis.png,
210.32.14.25,ted.com,/amet.aspx,302
210.32.14.25,go.com,/feugiat/non.jpg,302
210.32.14.25,mac.com,/auctor/gravida/sem/praesent/id/massa.jpg,
105.23.6.4,domainmarket.com,/risus/auctor/sed/tristique/in.xml,200
105.23.6.4,sphinn.com,/nulla/eget/eros/elementum/pellentesque.jsp,200
210.32.14.25,aboutads.info,/nunc/commodo/placerat.aspx,302
210.32.14.25,nbcnews.com,/nulla/pede/ullamcorper/augue/a/suscipit.jsp,
105.23.6.4,dion.ne.jp,/orci/luctus/et/ultrices.png,302
105.23.6.4,163.com,/mi/integer/ac/neque.js,200
145.25.66.1,cargocollective.com,/augue/aliquam/erat/volutpat/in/congue/etiam.jpg,200
210.32.14.25,fastcompany.com,/varius.png,
145.25.66.1,theatlantic.com,/elementum/ligula/vehicula.aspx,302
105.23.6.4,google.com.hk,/dolor/sit/amet/consectetuer/adipiscing/elit.html,302
105.23.6.4,trellian.com,/adipiscing/molestie/hendrerit/at/vulputate/vitae/nisl.html,302
105.23.6.4,senate.gov,/volutpat/eleifend/donec/ut/dolor/morbi/vel.html,200
105.23.6.4,census.gov,/commodo/placerat.json,200
105.23.6.4,simplemachines.org,/cras/non/velit/nec/nisi.jsp,200
210.32.14.25,auda.org.au,/sit/amet.json,200
210.32.14.25,canalblog.com,/lacus/purus/aliquet/at.xml,302
145.25.66.1,pinterest.com,/curae/nulla/dapibus/dolor/vel.json,200
105.23.6.4,last.fm,/lobortis/ligula.xml,200
145.25.66.1,issuu.com,/eu/est.png,200
145.25.66.1,google.es,/pede/malesuada/in/imperdiet/et.jpg,
145.25.66.1,cornell.edu,/velit/eu/est/congue/elementum/in/hac.html,302
145.25.66.1,marketwatch.com,/pede/malesuada/in/imperdiet.aspx,
105.23.6.4,aboutads.info,/quam/pede.jsp,200
105.23.6.4,exblog.jp,/sociis/natoque/penatibus/et/magnis/dis/parturient.aspx,302
145.25.66.1,networksolutions.com,/sed/tristique/in/tempus.aspx,200
210.32.14.25,de.vu,/donec.jpg,302
210.32.14.25,wired.com,/semper/est.png,200
105.23.6.4,bandcamp.com,/curabitur/convallis/duis/consequat/dui/nec.jpg,
105.23.6.4,feedburner.com,/nunc/proin/at/turpis.xml,302
105.23.6.4,wikispaces.com,/volutpat/sapien/arcu/sed/augue/aliquam.png,302
105.23.6.4,go.com,/aenean/fermentum/donec.aspx,200
145.25.66.1,amazon.com,/interdum/mauris/non/ligula/pellentesque/ultrices.png,200
210.32.14.25,jugem.jp,/dui/nec/nisi/volutpat/eleifend/donec/ut.png,200
210.32.14.25,disqus.com,/feugiat/et/eros.aspx,302
105.23.6.4,istockphoto.com,/nascetur/ridiculus/mus/etiam/vel/augue/vestibulum.html,302
105.23.6.4,jimdo.com,/sapien/non.xml,
105.23.6.4,ox.ac.uk,/erat/nulla/tempus/vivamus/in.js,200
105.23.6.4,skype.com,/interdum/mauris/non/ligula/pellentesque/ultrices.xml,
210.32.14.25,ebay.co.uk,/suspendisse/accumsan/tortor/quis.js,200
210.32.14.25,domainmarket.com,/nec/molestie.xml,
210.32.14.25,tripod.com,/quisque/arcu.jpg,
210.32.14.25,twitter.com,/eleifend.html,
145.25.66.1,booking.com,/eleifend/donec.png,302
145.25.66.1,opera.com,/faucibus/orci/luctus.js,302
145.25.66.1,home.pl,/ipsum/primis.json,200
145.25.66.1,ycombinator.com,/ipsum/ac/tellus.html,302
105.23.6.4,hubpages.com,/nisi/eu/orci/mauris/lacinia/sapien.html,200
210.32.14.25,nifty.com,/sem/praesent/id/massa/id/nisl/venenatis.xml,200
145.25.66.1,si.edu,/sit/amet/erat/nulla/tempus/vivamus.json,
210.32.14.25,rambler.ru,/arcu/sed/augue.jpg,
105.23.6.4,ehow.com,/justo.json,302
105.23.6.4,altervista.org,/cubilia/curae/mauris/viverra/diam/vitae/quam.jsp,302
105.23.6.4,plala.or.jp,/nec/euismod/scelerisque/quam/turpis/adipiscing/lorem.png,302
210.32.14.25,ihg.com,/congue/etiam/justo/etiam/pretium/iaculis/justo.aspx,
105.23.6.4,diigo.com,/vel.jsp,302
105.23.6.4,goo.ne.jp,/ligula/suspendisse/ornare/consequat.aspx,200
145.25.66.1,house.gov,/lobortis/convallis/tortor/risus/dapibus/augue.js,302
210.32.14.25,desdev.cn,/pretium/iaculis/justo/in.png,
210.32.14.25,icio.us,/dui/proin/leo/odio/porttitor.xml,200
105.23.6.4,myspace.com,/dolor.xml,200
145.25.66.1,rakuten.co.jp,/ut/suscipit/a.json,302
210.32.14.25,hc360.com,/est/lacinia/nisi/venenatis/tristique.xml,200
145.25.66.1,i2i.jp,/erat.html,
210.32.14.25,youtu.be,/nulla/suspendisse/potenti/cras/in/purus/eu.jsp,200
145.25.66.1,bloomberg.com,/erat/volutpat/in.jpg,
145.25.66.1,plala.or.jp,/commodo/placerat/praesent.aspx,302
145.25.66.1,google.it,/turpis/nec.png,
210.32.14.25,indiatimes.com,/ultrices/phasellus/id/sapien/in.jsp,200
145.25.66.1,springer.com,/nam/nulla/integer.png,
105.23.6.4,i2i.jp,/vel/nisl/duis/ac/nibh/fusce/lacus.png,200
210.32.14.25,merriam-webster.com,/convallis/nulla/neque/libero/convallis/eget/eleifend.xml,302
145.25.66.1,parallels.com,/sed/vestibulum/sit.png,200
105.23.6.4,aol.com,/convallis.js,200
105.23.6.4,linkedin.com,/orci/eget/orci/vehicula.json,
145.25.66.1,vimeo.com,/in/consequat/ut/nulla/sed/accumsan/felis.js,
210.32.14.25,dailymotion.com,/nisl/nunc.png,
210.32.14.25,sina.com.cn,/nam/tristique.json,200
105.23.6.4,slashdot.org,/habitasse/platea/dictumst/etiam/faucibus/cursus/urna.xml,
210.32.14.25,mapy.cz,/accumsan/odio/curabitur/convallis/duis/consequat.aspx,302
210.32.14.25,china.com.cn,/et.html,200
210.32.14.25,omniture.com,/aliquam/convallis.png,
210.32.14.25,ed.gov,/turpis.html,
210.32.14.25,fotki.com,/eget/massa.xml,302
105.23.6.4,youtube.com,/vel.jsp,302
145.25.66.1,barnesandnoble.com,/iaculis/diam/erat/fermentum/justo/nec/condimentum.json,200
105.23.6.4,newsvine.com,/viverra.js,
210.32.14.25,sogou.com,/duis/bibendum/morbi/non/quam/nec/dui.html,
210.32.14.25,pagesperso-orange.fr,/vestibulum/aliquet/ultrices/erat/tortor.js,302
105.23.6.4,tuttocitta.it,/nulla/pede/ullamcorper/augue.jpg,302
105.23.6.4,about.me,/lectus/in/quam/fringilla.png,302
145.25.66.1,tinypic.com,/amet/justo.png,200
105.23.6.4,chicagotribune.com,/duis.jpg,200
210.32.14.25,blogtalkradio.com,/donec/dapibus/duis/at.json,302
145.25.66.1,discuz.net,/est/risus/auctor.aspx,302
210.32.14.25,last.fm,/amet/diam/in.js,200
105.23.6.4,topsy.com,/ante.xml,200
210.32.14.25,cnbc.com,/eget/tempus/vel.jsp,200
105.23.6.4,vistaprint.com,/pede/libero/quis/orci/nullam.js,
105.23.6.4,mit.edu,/ipsum/integer/a/nibh/in/quis.html,
145.25.66.1,live.com,/nunc/rhoncus/dui/vel/sem/sed.jsp,302
210.32.14.25,liveinternet.ru,/mattis.xml,
210.32.14.25,storify.com,/in/tempor/turpis/nec/euismod/scelerisque.xml,302
210.32.14.25,deliciousdays.com,/ultrices/posuere/cubilia/curae/mauris/viverra/diam.jsp,302
210.32.14.25,bluehost.com,/aliquet/pulvinar/sed/nisl/nunc.jpg,
105.23.6.4,va.gov,/ligula/in/lacus/curabitur.js,
105.23.6.4,dyndns.org,/at/diam/nam/tristique.json,200
210.32.14.25,ustream.tv,/augue/vestibulum/ante.aspx,
105.23.6.4,nymag.com,/augue.jpg,302
145.25.66.1,bluehost.com,/in/hac/habitasse/platea.json,
145.25.66.1,acquirethisname.com,/in/hac/habitasse/platea.json,
145.25.66.1,smh.com.au,/sapien/in/sapien/iaculis/congue/vivamus/metus.xml,200
145.25.66.1,nhs.uk,/integer/a/nibh.js,200
105.23.6.4,theguardian.com,/nisi/volutpat/eleifend/donec.jpg,200
210.32.14.25,tuttocitta.it,/nulla/tempus/vivamus/in/felis/eu.aspx,200
210.32.14.25,techcrunch.com,/nonummy/integer/non.xml,200
105.23.6.4,tinyurl.com,/donec.jpg,
210.32.14.25,chicagotribune.com,/duis/mattis/egestas/metus/aenean.xml,
145.25.66.1,usgs.gov,/in/hac.js,302
105.23.6.4,ca.gov,/tristique.xml,200
105.23.6.4,irs.gov,/ipsum/aliquam/non/mauris/morbi/non.xml,200
105.23.6.4,ft.com,/sem/sed/sagittis/nam/congue.png,
210.32.14.25,topsy.com,/nisi.aspx,302
105.23.6.4,cocolog-nifty.com,/mi.xml,200
145.25.66.1,seesaa.net,/at/turpis/donec/posuere/metus.html,200
105.23.6.4,narod.ru,/est/donec/odio/justo.js,302
210.32.14.25,theatlantic.com,/lobortis/est/phasellus/sit/amet.jpg,
210.32.14.25,ucla.edu,/neque/sapien/placerat.jsp,302
145.25.66.1,prlog.org,/euismod/scelerisque.json,302
210.32.14.25,clickbank.net,/ornare.aspx,302
105.23.6.4,hud.gov,/ut/blandit/non/interdum/in/ante/vestibulum.jsp,
210.32.14.25,zimbio.com,/rhoncus.html,302
105.23.6.4,sbwire.com,/ante/vel/ipsum/praesent.aspx,200
145.25.66.1,home.pl,/cum/sociis/natoque.png,200
105.23.6.4,wp.com,/sit/amet.html,200
105.23.6.4,reddit.com,/libero/non/mattis.js,200
210.32.14.25,live.com,/nulla.jsp,200
145.25.66.1,samsung.com,/semper/porta.xml,
145.25.66.1,nsw.gov.au,/nec/sem/duis.json,200
145.25.66.1,instagram.com,/venenatis/non/sodales/sed/tincidunt/eu.jpg,302
210.32.14.25,gmpg.org,/nullam/sit/amet/turpis/elementum/ligula.json,302
105.23.6.4,flickr.com,/in/faucibus/orci/luctus/et.jpg,200
145.25.66.1,earthlink.net,/fusce/lacus/purus/aliquet/at/feugiat.html,302
105.23.6.4,google.de,/luctus/et/ultrices/posuere/cubilia/curae.png,302
105.23.6.4,tinypic.com,/integer/tincidunt/ante/vel.jsp,
145.25.66.1,dedecms.com,/orci/luctus/et/ultrices.xml,200
105.23.6.4,feedburner.com,/potenti/in/eleifend/quam/a/odio.html,200
105.23.6.4,imgur.com,/rhoncus/aliquet/pulvinar/sed/nisl/nunc.jpg,200
145.25.66.1,unc.edu,/vitae/nisl/aenean.js,
145.25.66.1,marketwatch.com,/risus.aspx,302
145.25.66.1,thetimes.co.uk,/rutrum/neque/aenean/auctor.json,302
210.32.14.25,amazon.co.uk,/volutpat/sapien/arcu/sed/augue/aliquam.jsp,302
105.23.6.4,mapy.cz,/sapien/varius/ut.png,302
210.32.14.25,ameblo.jp,/morbi.js,200
145.25.66.1,t.co,/morbi/a/ipsum/integer/a/nibh/in.jpg,302
105.23.6.4,squidoo.com,/sit/amet/erat.html,
210.32.14.25,seesaa.net,/dis/parturient/montes/nascetur/ridiculus/mus.html,302
210.32.14.25,squidoo.com,/odio/cras/mi/pede.png,
105.23.6.4,gravatar.com,/quisque.jsp,302
145.25.66.1,reverbnation.com,/luctus/et/ultrices.jpg,200
105.23.6.4,youku.com,/ligula/sit/amet/eleifend/pede.html,
145.25.66.1,cbc.ca,/porttitor/pede/justo.jpg,302
145.25.66.1,mit.edu,/amet/consectetuer/adipiscing/elit.xml,200
210.32.14.25,engadget.com,/ante/ipsum/primis/in.jpg,302
145.25.66.1,joomla.org,/primis/in/faucibus/orci.js,200
210.32.14.25,is.gd,/eleifend.png,200
105.23.6.4,yolasite.com,/nullam/porttitor/lacus/at/turpis.png,
210.32.14.25,drupal.org,/et/ultrices/posuere/cubilia/curae/duis/faucibus.aspx,
145.25.66.1,mayoclinic.com,/ut.png,302
145.25.66.1,imdb.com,/tristique/est/et/tempus/semper/est.html,
105.23.6.4,seesaa.net,/tincidunt.jpg,200
210.32.14.25,icq.com,/in/congue.aspx,200
210.32.14.25,ocn.ne.jp,/lacinia/nisi/venenatis/tristique.png,
145.25.66.1,cisco.com,/elementum/pellentesque/quisque/porta/volutpat/erat/quisque.jpg,200
210.32.14.25,surveymonkey.com,/ultrices/erat/tortor/sollicitudin.html,302
145.25.66.1,amazon.com,/ac/consequat/metus/sapien.xml,200
145.25.66.1,fotki.com,/non.aspx,302
105.23.6.4,ucsd.edu,/odio/elementum/eu/interdum/eu/tincidunt.aspx,200
105.23.6.4,sakura.ne.jp,/nisl/nunc/rhoncus/dui/vel/sem.json,302
105.23.6.4,fotki.com,/magna/vulputate/luctus/cum/sociis.html,302
210.32.14.25,usnews.com,/in/ante.xml,
145.25.66.1,goo.ne.jp,/vel/accumsan/tellus.jsp,302
145.25.66.1,ucla.edu,/mauris/non/ligula/pellentesque/ultrices/phasellus/id.json,
105.23.6.4,yale.edu,/lorem/ipsum.html,200
105.23.6.4,bluehost.com,/aenean/auctor/gravida.js,
145.25.66.1,studiopress.com,/aliquam/convallis/nunc/proin/at/turpis/a.jpg,
210.32.14.25,senate.gov,/nulla.jsp,200
210.32.14.25,freewebs.com,/at/lorem/integer/tincidunt/ante.xml,200
210.32.14.25,cbsnews.com,/habitasse/platea/dictumst/morbi/vestibulum/velit/id.html,
210.32.14.25,furl.net,/turpis/nec/euismod/scelerisque/quam/turpis/adipiscing.jsp,302
210.32.14.25,ft.com,/non/sodales/sed/tincidunt.js,
145.25.66.1,google.ca,/et/eros/vestibulum/ac/est/lacinia/nisi.json,302
210.32.14.25,ted.com,/primis.jpg,
145.25.66.1,wordpress.com,/ac/est/lacinia/nisi/venenatis/tristique/fusce.json,200
145.25.66.1,shinystat.com,/placerat/praesent.jpg,302
145.25.66.1,tamu.edu,/hac/habitasse/platea/dictumst/morbi.png,
105.23.6.4,ucoz.ru,/luctus/cum/sociis.js,200
210.32.14.25,bloomberg.com,/orci/luctus/et/ultrices/posuere/cubilia/curae.jsp,302
105.23.6.4,typepad.com,/accumsan/tellus.jsp,302
210.32.14.25,newsvine.com,/libero/ut/massa/volutpat/convallis/morbi.aspx,302
105.23.6.4,jugem.jp,/nulla/ac/enim/in/tempor.json,200
210.32.14.25,google.cn,/posuere/cubilia/curae/nulla/dapibus/dolor/vel.xml,302
105.23.6.4,answers.com,/ante/ipsum/primis.jpg,302
210.32.14.25,pagesperso-orange.fr,/habitasse/platea/dictumst/etiam/faucibus/cursus.json,302
145.25.66.1,cbc.ca,/ac.html,302
105.23.6.4,tiny.cc,/tortor/id.json,
105.23.6.4,istockphoto.com,/est/et/tempus.json,302
210.32.14.25,yolasite.com,/nullam/porttitor/lacus/at/turpis/donec/posuere.xml,302
145.25.66.1,tiny.cc,/elit.json,200
105.23.6.4,oracle.com,/varius/nulla/facilisi/cras/non/velit.js,302
105.23.6.4,telegraph.co.uk,/eu/interdum/eu/tincidunt.jpg,302
145.25.66.1,cbc.ca,/sapien.xml,302
105.23.6.4,mapquest.com,/at/turpis/a.js,302
210.32.14.25,wp.com,/praesent/blandit/lacinia/erat.xml,
210.32.14.25,blinklist.com,/quisque/porta/volutpat.png,302
210.32.14.25,nytimes.com,/luctus/et/ultrices/posuere/cubilia/curae/duis.json,200
105.23.6.4,spiegel.de,/amet/cursus/id/turpis/integer/aliquet/massa.aspx,
210.32.14.25,amazon.de,/eget/vulputate/ut/ultrices.png,200
105.23.6.4,hatena.ne.jp,/diam/nam/tristique/tortor.json,200
105.23.6.4,globo.com,/amet/turpis/elementum/ligula/vehicula/consequat.jpg,200
210.32.14.25,reuters.com,/lacus/at/velit.jsp,200
145.25.66.1,hibu.com,/pellentesque.aspx,200
210.32.14.25,theatlantic.com,/orci/mauris/lacinia/sapien/quis/libero.aspx,
210.32.14.25,nationalgeographic.com,/non.js,200
145.25.66.1,digg.com,/nec/euismod/scelerisque.html,
105.23.6.4,rambler.ru,/quam.json,200
145.25.66.1,umn.edu,/convallis/nulla/neque/libero/convallis/eget.json,
210.32.14.25,ameblo.jp,/nulla/justo.png,302
210.32.14.25,photobucket.com,/neque.json,200
105.23.6.4,blogspot.com,/massa/donec/dapibus/duis.png,200
210.32.14.25,tripod.com,/eleifend/pede/libero.png,200
105.23.6.4,qq.com,/sit/amet/lobortis/sapien/sapien/non/mi.xml,302
105.23.6.4,blogger.com,/massa.js,
210.32.14.25,paypal.com,/vel/lectus/in/quam/fringilla.js,
210.32.14.25,microsoft.com,/suscipit.xml,302
145.25.66.1,people.com.cn,/ante/nulla/justo/aliquam/quis.xml,
210.32.14.25,free.fr,/augue/vel/accumsan/tellus/nisi.html,200
105.23.6.4,alexa.com,/integer/pede.png,302
145.25.66.1,dagondesign.com,/velit/donec/diam/neque.xml,302
145.25.66.1,cloudflare.com,/ultricies/eu/nibh/quisque/id.jsp,302
210.32.14.25,cdc.gov,/elementum/eu/interdum/eu.jsp,302
105.23.6.4,vkontakte.ru,/erat/vestibulum/sed/magna.aspx,
145.25.66.1,indiatimes.com,/elit/proin/risus/praesent/lectus/vestibulum.js,302
210.32.14.25,youtu.be,/blandit/nam/nulla/integer/pede/justo.json,
105.23.6.4,state.gov,/cursus/vestibulum.jpg,302
105.23.6.4,paypal.com,/in/libero/ut/massa/volutpat/convallis/morbi.js,
105.23.6.4,ask.com,/nunc/commodo/placerat/praesent/blandit/nam/nulla.jpg,302
210.32.14.25,hp.com,/massa/tempor/convallis/nulla.json,302
105.23.6.4,cafepress.com,/congue/vivamus/metus/arcu/adipiscing/molestie.json,200
210.32.14.25,etsy.com,/quam/suspendisse/potenti/nullam/porttitor/lacus/at.aspx,302
145.25.66.1,wikimedia.org,/non/lectus/aliquam/sit/amet/diam.aspx,
105.23.6.4,nbcnews.com,/a.js,
105.23.6.4,arizona.edu,/nulla/nunc/purus/phasellus.jsp,
145.25.66.1,netvibes.com,/vitae/nisi.json,200
105.23.6.4,homestead.com,/elementum/pellentesque.jpg,200
105.23.6.4,ucsd.edu,/in/sapien/iaculis/congue/vivamus/metus/arcu.png,200
105.23.6.4,chron.com,/volutpat/dui/maecenas/tristique.js,200
105.23.6.4,imdb.com,/aliquam/non/mauris/morbi/non.aspx,
145.25.66.1,artisteer.com,/ultrices/erat/tortor/sollicitudin/mi/sit.html,200
145.25.66.1,usa.gov,/rhoncus/mauris/enim/leo.html,302
105.23.6.4,usda.gov,/lacus/curabitur/at.aspx,
105.23.6.4,omniture.com,/sodales/scelerisque.xml,200
105.23.6.4,sitemeter.com,/ut.aspx,302
145.25.66.1,techcrunch.com,/justo/lacinia/eget/tincidunt/eget/tempus.json,302
105.23.6.4,marriott.com,/non.aspx,200
145.25.66.1,google.co.jp,/viverra/diam/vitae/quam/suspendisse.jsp,200
105.23.6.4,blogtalkradio.com,/hac/habitasse/platea/dictumst/aliquam/augue/quam.js,
145.25.66.1,artisteer.com,/in/faucibus/orci/luctus/et/ultrices/posuere.jsp,302
210.32.14.25,themeforest.net,/sed/lacus/morbi.js,
145.25.66.1,jiathis.com,/curabitur/at/ipsum/ac/tellus/semper/interdum.js,200
210.32.14.25,netscape.com,/duis/faucibus/accumsan/odio/curabitur/convallis.xml,200
105.23.6.4,cnet.com,/ipsum/aliquam/non/mauris/morbi/non/lectus.aspx,302
210.32.14.25,trellian.com,/sed/justo.xml,200
210.32.14.25,economist.com,/sollicitudin/vitae.xml,302
145.25.66.1,npr.org,/semper/est/quam.jpg,302
105.23.6.4,home.pl,/bibendum/felis/sed/interdum/venenatis.jsp,
145.25.66.1,mozilla.org,/eu/orci/mauris/lacinia/sapien/quis/libero.png,200
210.32.14.25,stumbleupon.com,/leo/odio/porttitor/id/consequat/in/consequat.jsp,200
145.25.66.1,delicious.com,/nunc/commodo/placerat/praesent/blandit.jpg,302
145.25.66.1,free.fr,/curabitur/in/libero/ut/massa/volutpat.png,
145.25.66.1,jalbum.net,/ligula/nec/sem/duis/aliquam.js,200
105.23.6.4,howstuffworks.com,/nibh/in/lectus/pellentesque/at/nulla.png,302
105.23.6.4,vimeo.com,/vel.json,302
105.23.6.4,ucsd.edu,/duis/aliquam/convallis/nunc.jpg,302
210.32.14.25,webeden.co.uk,/pulvinar/nulla/pede/ullamcorper/augue/a/suscipit.html,
210.32.14.25,webnode.com,/duis.jsp,
210.32.14.25,bloomberg.com,/phasellus/in/felis/donec/semper/sapien.js,302
105.23.6.4,google.cn,/eget/vulputate/ut.json,
105.23.6.4,ask.com,/nisl/nunc/rhoncus.jpg,200
210.32.14.25,go.com,/nullam/varius/nulla/facilisi/cras/non.jpg,302
210.32.14.25,buzzfeed.com,/molestie/nibh/in/lectus.aspx,302
210.32.14.25,mozilla.com,/viverra/dapibus/nulla.png,200
210.32.14.25,patch.com,/vivamus/vestibulum/sagittis/sapien/cum.js,200
210.32.14.25,nydailynews.com,/egestas/metus/aenean/fermentum/donec/ut.js,302
210.32.14.25,netscape.com,/nulla/suspendisse/potenti/cras.png,
105.23.6.4,cmu.edu,/convallis/nulla/neque/libero/convallis/eget.json,200
210.32.14.25,google.ru,/nunc/vestibulum.jpg,200
105.23.6.4,51.la,/nunc/purus/phasellus/in/felis.aspx,302
210.32.14.25,wordpress.com,/erat.html,200
105.23.6.4,prweb.com,/hendrerit/at/vulputate.jpg,
145.25.66.1,creativecommons.org,/mauris/sit/amet/eros/suspendisse.jpg,
210.32.14.25,telegraph.co.uk,/morbi/porttitor/lorem.xml,200
210.32.14.25,opensource.org,/in/ante.aspx,200
210.32.14.25,bluehost.com,/eros/viverra.html,302
210.32.14.25,php.net,/ligula/in/lacus.png,200
145.25.66.1,reverbnation.com,/ante/ipsum/primis/in/faucibus/orci.js,
145.25.66.1,last.fm,/arcu.json,302
145.25.66.1,ameblo.jp,/nulla/quisque.jsp,200
210.32.14.25,squidoo.com,/vestibulum/rutrum/rutrum/neque/aenean.png,
105.23.6.4,smugmug.com,/ante/vel/ipsum.html,
210.32.14.25,hexun.com,/aenean/sit.xml,200
145.25.66.1,psu.edu,/ut/ultrices/vel.jsp,
210.32.14.25,oakley.com,/nec/euismod/scelerisque/quam/turpis.html,302
105.23.6.4,elpais.com,/mauris.aspx,
145.25.66.1,va.gov,/donec/pharetra/magna/vestibulum/aliquet.js,200
210.32.14.25,unblog.fr,/ac/est.xml,200
210.32.14.25,ning.com,/id/ligula/suspendisse/ornare.jpg,200
210.32.14.25,list-manage.com,/curabitur/gravida/nisi/at/nibh.xml,
210.32.14.25,ihg.com,/in/congue/etiam/justo/etiam.json,
210.32.14.25,reference.com,/maecenas/pulvinar/lobortis/est.json,
145.25.66.1,phoca.cz,/magnis.aspx,
210.32.14.25,mozilla.com,/turpis/enim/blandit.xml,302
145.25.66.1,hatena.ne.jp,/nulla.json,200
210.32.14.25,friendfeed.com,/proin/eu/mi/nulla.html,200
105.23.6.4,angelfire.com,/ut.html,200
105.23.6.4,pcworld.com,/consequat/metus/sapien.js,
210.32.14.25,ca.gov,/tempor/turpis.png,302
105.23.6.4,scientificamerican.com,/tortor/duis/mattis/egestas.js,200
105.23.6.4,youku.com,/massa/donec/dapibus/duis/at/velit/eu.js,
145.25.66.1,tripod.com,/cras/mi.jsp,
105.23.6.4,tinyurl.com,/tincidunt/eget/tempus/vel.html,
145.25.66.1,indiatimes.com,/odio/odio/elementum/eu/interdum/eu.png,200
145.25.66.1,utexas.edu,/vitae.json,
210.32.14.25,joomla.org,/neque/sapien.png,200
210.32.14.25,gizmodo.com,/morbi/non/quam/nec.jpg,302
105.23.6.4,github.io,/fusce/posuere/felis/sed/lacus.json,200
145.25.66.1,webeden.co.uk,/hac/habitasse.jpg,200
145.25.66.1,fema.gov,/sodales/sed/tincidunt/eu/felis/fusce.html,200
145.25.66.1,ted.com,/mauris/lacinia/sapien/quis/libero/nullam.jpg,
145.25.66.1,ocn.ne.jp,/morbi/ut/odio.aspx,302
145.25.66.1,cargocollective.com,/nunc.png,200
210.32.14.25,twitpic.com,/vivamus/vel/nulla/eget/eros/elementum/pellentesque.aspx,302
145.25.66.1,purevolume.com,/lobortis/est.html,302
210.32.14.25,globo.com,/libero/rutrum/ac/lobortis.js,302
145.25.66.1,jalbum.net,/in/quam/fringilla.js,302
210.32.14.25,github.io,/non.xml,
105.23.6.4,mapy.cz,/in.xml,200
145.25.66.1,about.com,/vivamus/vel/nulla.jsp,302
105.23.6.4,youku.com,/dui/nec/nisi/volutpat/eleifend.jpg,200
210.32.14.25,taobao.com,/aliquet/ultrices/erat/tortor/sollicitudin/mi.png,200
145.25.66.1,nytimes.com,/tempor/convallis/nulla/neque/libero.jsp,
105.23.6.4,e-recht24.de,/mattis/pulvinar/nulla/pede.aspx,
145.25.66.1,senate.gov,/ullamcorper/purus/sit/amet/nulla/quisque.html,302
145.25.66.1,canalblog.com,/mi/in/porttitor/pede/justo.xml,200
105.23.6.4,tinyurl.com,/pharetra/magna/vestibulum/aliquet/ultrices/erat.aspx,
105.23.6.4,g.co,/ullamcorper/augue/a/suscipit.js,200
210.32.14.25,1und1.de,/porttitor/lorem/id/ligula/suspendisse/ornare/consequat.js,
145.25.66.1,yandex.ru,/erat/id.js,200
145.25.66.1,artisteer.com,/sed/nisl/nunc.html,
210.32.14.25,dot.gov,/vulputate/justo/in.js,302
210.32.14.25,patch.com,/at/turpis/a/pede/posuere/nonummy.jsp,302
105.23.6.4,behance.net,/sit/amet/lobortis/sapien/sapien.html,
210.32.14.25,apache.org,/enim/sit/amet/nunc/viverra/dapibus.aspx,200
105.23.6.4,washington.edu,/id/turpis/integer.aspx,200
210.32.14.25,gov.uk,/iaculis/diam/erat/fermentum.json,302
105.23.6.4,google.de,/mi/pede/malesuada/in.html,200
105.23.6.4,irs.gov,/ut/suscipit/a/feugiat/et/eros/vestibulum.html,
105.23.6.4,cocolog-nifty.com,/justo/lacinia/eget/tincidunt/eget.jsp,302
145.25.66.1,ifeng.com,/odio/porttitor/id/consequat.js,
210.32.14.25,dropbox.com,/magna/vulputate.xml,
105.23.6.4,cbc.ca,/tempus.png,200
105.23.6.4,wix.com,/massa/quis/augue/luctus/tincidunt/nulla.html,302
105.23.6.4,spiegel.de,/nam/ultrices/libero/non/mattis.jsp,
145.25.66.1,opera.com,/vivamus/tortor/duis.png,200
105.23.6.4,blogspot.com,/adipiscing/elit/proin/interdum/mauris/non.jpg,
210.32.14.25,nba.com,/nulla/pede/ullamcorper/augue.xml,200
145.25.66.1,slideshare.net,/pede.jsp,200
105.23.6.4,surveymonkey.com,/justo/lacinia/eget/tincidunt/eget.html,302
105.23.6.4,nymag.com,/at/ipsum/ac.jsp,200
145.25.66.1,ycombinator.com,/odio/curabitur/convallis/duis/consequat/dui.jpg,200
105.23.6.4,de.vu,/amet/eros/suspendisse/accumsan/tortor/quis.jsp,
145.25.66.1,examiner.com,/purus/phasellus/in/felis/donec/semper.js,
105.23.6.4,google.com.hk,/quis/lectus/suspendisse/potenti/in/eleifend/quam.xml,
145.25.66.1,wsj.com,/donec/posuere/metus/vitae/ipsum.aspx,200
210.32.14.25,mysql.com,/consequat/lectus/in/est/risus.jsp,200
145.25.66.1,xrea.com,/praesent/id.png,302
145.25.66.1,reddit.com,/ipsum/aliquam/non/mauris/morbi/non/lectus.aspx,
145.25.66.1,constantcontact.com,/leo/pellentesque.aspx,302
105.23.6.4,aol.com,/aliquam/non/mauris/morbi/non.png,200
105.23.6.4,shutterfly.com,/sapien.jsp,302
210.32.14.25,surveymonkey.com,/in/faucibus/orci/luctus/et.jsp,302
105.23.6.4,cafepress.com,/neque/sapien.jpg,302
145.25.66.1,gizmodo.com,/vitae/mattis/nibh/ligula.json,
145.25.66.1,umn.edu,/sed/interdum/venenatis.xml,302
210.32.14.25,photobucket.com,/quis/justo/maecenas.html,200
105.23.6.4,woothemes.com,/platea/dictumst/maecenas/ut.aspx,200
105.23.6.4,sfgate.com,/nisl/duis/ac/nibh/fusce/lacus.html,302
210.32.14.25,wix.com,/pretium.json,200
105.23.6.4,abc.net.au,/eu/magna/vulputate.html,200
105.23.6.4,mashable.com,/dictumst/morbi/vestibulum/velit/id/pretium/iaculis.json,200
145.25.66.1,slate.com,/eros/elementum/pellentesque/quisque/porta/volutpat.jpg,
145.25.66.1,wiley.com,/nullam/porttitor.png,
145.25.66.1,cdc.gov,/rutrum/at/lorem.aspx,
105.23.6.4,angelfire.com,/enim/blandit/mi.aspx,200
145.25.66.1,arizona.edu,/ut/tellus/nulla/ut.js,
145.25.66.1,senate.gov,/potenti/in.jsp,
210.32.14.25,topsy.com,/a/ipsum/integer/a/nibh.jpg,
145.25.66.1,angelfire.com,/morbi/quis/tortor.aspx,200
210.32.14.25,studiopress.com,/ornare.aspx,302
145.25.66.1,squidoo.com,/sit/amet/lobortis.jpg,302
210.32.14.25,com.com,/mauris/non/ligula/pellentesque.jsp,200
145.25.66.1,nps.gov,/sagittis/dui.js,
145.25.66.1,wordpress.org,/eget/semper/rutrum.html,200
145.25.66.1,facebook.com,/tempus/semper.jsp,302
145.25.66.1,pbs.org,/consectetuer/eget/rutrum/at/lorem/integer/tincidunt.jsp,302
210.32.14.25,hud.gov,/congue/vivamus.jpg,302
105.23.6.4,booking.com,/mauris/morbi/non/lectus/aliquam.png,200
210.32.14.25,ucoz.ru,/lacus/at/turpis.jpg,200
210.32.14.25,moonfruit.com,/nulla/nisl/nunc.jpg,200
145.25.66.1,list-manage.com,/et/commodo.xml,200
210.32.14.25,spiegel.de,/iaculis/diam/erat/fermentum/justo/nec.json,200
105.23.6.4,xinhuanet.com,/ac/est/lacinia/nisi.xml,
210.32.14.25,blinklist.com,/nec/nisi/vulputate/nonummy/maecenas/tincidunt/lacus.aspx,302
210.32.14.25,4shared.com,/erat/fermentum.html,200
105.23.6.4,biblegateway.com,/amet/consectetuer/adipiscing/elit/proin/risus/praesent.png,
145.25.66.1,seesaa.net,/erat/vestibulum.jsp,
210.32.14.25,bloomberg.com,/tincidunt.jpg,302
210.32.14.25,redcross.org,/metus/arcu/adipiscing/molestie.jpg,302
105.23.6.4,nasa.gov,/a/suscipit/nulla.png,302
210.32.14.25,oaic.gov.au,/parturient/montes/nascetur.jpg,302
105.23.6.4,ed.gov,/hac/habitasse/platea/dictumst/maecenas/ut/massa.aspx,302
105.23.6.4,dedecms.com,/tortor.jpg,200
105.23.6.4,princeton.edu,/donec/pharetra/magna/vestibulum/aliquet/ultrices.jpg,
105.23.6.4,furl.net,/dapibus/dolor/vel/est/donec.png,
145.25.66.1,psu.edu,/purus.jsp,200
145.25.66.1,weebly.com,/nam/congue/risus/semper.json,
210.32.14.25,macromedia.com,/ut/nunc/vestibulum/ante/ipsum/primis/in.json,
105.23.6.4,biblegateway.com,/aenean/lectus/pellentesque/eget/nunc.png,302
145.25.66.1,usda.gov,/vestibulum/sed.json,
105.23.6.4,over-blog.com,/tellus/in/sagittis/dui/vel.html,
145.25.66.1,netlog.com,/dis/parturient/montes/nascetur/ridiculus/mus/vivamus.jpg,302
210.32.14.25,indiegogo.com,/integer.png,200
145.25.66.1,nps.gov,/mauris/sit/amet/eros/suspendisse.xml,302
105.23.6.4,wikipedia.org,/vestibulum/aliquet/ultrices/erat/tortor.png,302
210.32.14.25,marriott.com,/lorem/ipsum/dolor/sit.xml,302
145.25.66.1,biblegateway.com,/amet/eros/suspendisse/accumsan/tortor.js,200
145.25.66.1,netscape.com,/ullamcorper/augue.json,
105.23.6.4,php.net,/erat/eros.png,302
210.32.14.25,squidoo.com,/metus/sapien.js,
145.25.66.1,unesco.org,/donec/odio.json,302
210.32.14.25,ed.gov,/eu.jsp,
105.23.6.4,businessweek.com,/donec/ut/dolor.js,302
105.23.6.4,who.int,/turpis/elementum/ligula/vehicula.aspx,302
145.25.66.1,hugedomains.com,/magna/vestibulum.json,
145.25.66.1,chronoengine.com,/lorem/ipsum/dolor.xml,
145.25.66.1,4shared.com,/vitae/nisi/nam/ultrices.jpg,
145.25.66.1,creativecommons.org,/vestibulum/sit/amet/cursus/id/turpis/integer.xml,302
145.25.66.1,examiner.com,/nisi/eu/orci.png,302
145.25.66.1,ed.gov,/libero/convallis/eget/eleifend/luctus/ultricies/eu.jpg,
145.25.66.1,mediafire.com,/maecenas/rhoncus/aliquam/lacus/morbi/quis/tortor.json,302
145.25.66.1,clickbank.net,/nulla/sed/vel/enim/sit/amet/nunc.png,200
210.32.14.25,odnoklassniki.ru,/elementum/eu/interdum/eu/tincidunt/in.png,
145.25.66.1,soundcloud.com,/convallis/duis/consequat/dui/nec/nisi.jsp,
105.23.6.4,instagram.com,/justo/in/blandit/ultrices/enim.html,
145.25.66.1,uiuc.edu,/in/tempor/turpis/nec.jpg,302
210.32.14.25,webs.com,/sem/duis/aliquam/convallis/nunc/proin/at.aspx,302
145.25.66.1,psu.edu,/maecenas.html,200
210.32.14.25,usda.gov,/ultrices.html,
105.23.6.4,mozilla.org,/pede/justo/eu/massa/donec/dapibus.json,200
145.25.66.1,myspace.com,/sit.jpg,
145.25.66.1,trellian.com,/nisl/nunc/rhoncus/dui/vel/sem.html,200
210.32.14.25,storify.com,/in/sagittis/dui/vel.html,302
105.23.6.4,yandex.ru,/quam/pharetra/magna.xml,
210.32.14.25,bbc.co.uk,/nisl/aenean/lectus/pellentesque.jpg,200
145.25.66.1,auda.org.au,/massa/quis.html,302
105.23.6.4,theglobeandmail.com,/nullam/molestie/nibh/in/lectus/pellentesque/at.html,
210.32.14.25,php.net,/dolor/sit/amet/consectetuer/adipiscing.aspx,
145.25.66.1,a8.net,/venenatis/tristique/fusce/congue/diam.aspx,302
210.32.14.25,aboutads.info,/vulputate/ut/ultrices/vel.json,
210.32.14.25,huffingtonpost.com,/et/ultrices/posuere/cubilia.jsp,
105.23.6.4,census.gov,/blandit/lacinia.xml,302
105.23.6.4,wikimedia.org,/lorem.png,
105.23.6.4,godaddy.com,/orci/vehicula/condimentum/curabitur/in.png,
210.32.14.25,bloglines.com,/erat/volutpat/in/congue/etiam/justo.html,302
145.25.66.1,purevolume.com,/tortor/id/nulla/ultrices/aliquet.json,
105.23.6.4,cdc.gov,/purus/sit/amet.xml,200
105.23.6.4,virginia.edu,/nam.jsp,200
105.23.6.4,wordpress.org,/potenti/cras/in/purus.json,302
210.32.14.25,elegantthemes.com,/pellentesque/ultrices/mattis.aspx,200
145.25.66.1,washingtonpost.com,/vestibulum/ante.html,200
105.23.6.4,facebook.com,/sem/sed.xml,200
210.32.14.25,prlog.org,/etiam/justo/etiam/pretium/iaculis.jsp,302
210.32.14.25,a8.net,/in/hac/habitasse/platea/dictumst/etiam/faucibus.aspx,200
210.32.14.25,cnn.com,/augue.jsp,
145.25.66.1,ebay.com,/vulputate/elementum.xml,302
105.23.6.4,sakura.ne.jp,/tincidunt/eu.jsp,302
145.25.66.1,rakuten.co.jp,/nulla/mollis.jpg,302
210.32.14.25,lulu.com,/id/sapien.aspx,
145.25.66.1,unesco.org,/a/pede/posuere/nonummy.png,200
105.23.6.4,weebly.com,/nulla/justo/aliquam/quis/turpis.jsp,200
105.23.6.4,qq.com,/iaculis/diam/erat/fermentum/justo.aspx,200
105.23.6.4,geocities.jp,/fermentum/justo/nec.jpg,200
105.23.6.4,ovh.net,/interdum/in/ante.jsp,302
145.25.66.1,youtu.be,/rutrum/neque.json,200
210.32.14.25,huffingtonpost.com,/ante/ipsum/primis/in/faucibus.xml,302
210.32.14.25,1und1.de,/auctor/gravida/sem/praesent.png,302
105.23.6.4,springer.com,/adipiscing/elit/proin/interdum.json,200
210.32.14.25,whitehouse.gov,/vel.html,
210.32.14.25,merriam-webster.com,/integer/ac/leo/pellentesque.aspx,
105.23.6.4,wordpress.org,/mauris/lacinia/sapien/quis/libero.json,200
105.23.6.4,360.cn,/eget/massa/tempor.html,
210.32.14.25,salon.com,/rutrum/ac.jsp,200
145.25.66.1,yandex.ru,/habitasse/platea/dictumst/aliquam.png,
145.25.66.1,tripadvisor.com,/penatibus/et/magnis/dis/parturient/montes.xml,
145.25.66.1,hp.com,/suspendisse/ornare/consequat/lectus/in/est.png,200
145.25.66.1,prweb.com,/nulla/elit/ac/nulla.jpg,200
105.23.6.4,ox.ac.uk,/nisl/duis.xml,
210.32.14.25,sohu.com,/dignissim/vestibulum/vestibulum/ante.aspx,
145.25.66.1,icio.us,/in.js,
105.23.6.4,oracle.com,/erat/vestibulum/sed/magna/at/nunc.js,200
105.23.6.4,yelp.com,/magna/vestibulum/aliquet/ultrices/erat/tortor/sollicitudin.jsp,200
105.23.6.4,1und1.de,/sagittis/sapien.jsp,302
210.32.14.25,salon.com,/consequat/lectus/in/est/risus/auctor/sed.json,302
145.25.66.1,mapquest.com,/consectetuer/adipiscing/elit/proin/risus.xml,200
145.25.66.1,devhub.com,/magna/vulputate/luctus/cum.json,200
105.23.6.4,virginia.edu,/suscipit.png,
105.23.6.4,pcworld.com,/eget/semper/rutrum/nulla/nunc.js,200
210.32.14.25,exblog.jp,/mi/integer/ac/neque/duis.html,200
145.25.66.1,lycos.com,/maecenas/tincidunt/lacus/at.png,
210.32.14.25,sciencedirect.com,/dui.xml,
105.23.6.4,tmall.com,/integer.jpg,200
105.23.6.4,gravatar.com,/in/imperdiet/et.json,200
210.32.14.25,phpbb.com,/est/donec/odio/justo.jpg,200
105.23.6.4,aboutads.info,/primis/in/faucibus.json,302
105.23.6.4,devhub.com,/consequat/dui/nec/nisi.js,302
105.23.6.4,berkeley.edu,/non.js,302
145.25.66.1,meetup.com,/praesent.png,302
105.23.6.4,newyorker.com,/eget/nunc/donec/quis/orci.js,302
210.32.14.25,netlog.com,/risus/auctor/sed.jsp,200
145.25.66.1,si.edu,/cursus/urna/ut/tellus/nulla.json,
145.25.66.1,homestead.com,/tellus/in/sagittis/dui/vel/nisl.html,
145.25.66.1,yelp.com,/orci.html,200
105.23.6.4,irs.gov,/rutrum/at/lorem/integer/tincidunt/ante/vel.js,302
105.23.6.4,usatoday.com,/egestas/metus/aenean/fermentum/donec/ut/mauris.aspx,
145.25.66.1,tuttocitta.it,/scelerisque/quam/turpis/adipiscing.jsp,200
210.32.14.25,sina.com.cn,/posuere/nonummy.js,302
105.23.6.4,dropbox.com,/vestibulum/ante/ipsum/primis/in/faucibus/orci.xml,302
145.25.66.1,google.pl,/leo/odio/porttitor/id/consequat/in.xml,
105.23.6.4,google.com.br,/aliquet/massa/id/lobortis.html,
105.23.6.4,cbc.ca,/sed/tristique/in/tempus/sit/amet/sem.aspx,200
210.32.14.25,globo.com,/nulla/integer/pede.xml,200
105.23.6.4,ning.com,/mi/nulla/ac/enim/in/tempor/turpis.jpg,200
210.32.14.25,whitehouse.gov,/rhoncus/sed/vestibulum/sit/amet.json,200
105.23.6.4,reddit.com,/phasellus/in/felis/donec.aspx,302
145.25.66.1,sohu.com,/euismod/scelerisque/quam/turpis.jpg,302
105.23.6.4,sogou.com,/aliquam/quis/turpis/eget.jsp,200
145.25.66.1,sbwire.com,/id.jsp,
105.23.6.4,hud.gov,/nam/dui/proin.xml,
105.23.6.4,lulu.com,/at/turpis/donec/posuere.html,302
145.25.66.1,google.fr,/urna/ut/tellus/nulla.js,200
145.25.66.1,nhs.uk,/vel/nulla/eget/eros/elementum.json,200
145.25.66.1,google.co.jp,/rutrum/nulla/tellus/in/sagittis.jsp,
145.25.66.1,themeforest.net,/amet.jsp,200
210.32.14.25,i2i.jp,/cras/pellentesque/volutpat/dui/maecenas/tristique.jsp,
145.25.66.1,home.pl,/praesent/lectus/vestibulum/quam/sapien/varius.aspx,302
210.32.14.25,mayoclinic.com,/lorem/quisque/ut/erat/curabitur/gravida.xml,200
105.23.6.4,nydailynews.com,/dolor/vel/est/donec.jsp,302
210.32.14.25,booking.com,/rutrum/neque/aenean/auctor/gravida.html,200
145.25.66.1,posterous.com,/aliquam/lacus/morbi/quis.aspx,
145.25.66.1,hao123.com,/diam/cras/pellentesque/volutpat/dui/maecenas/tristique.xml,302
210.32.14.25,cocolog-nifty.com,/praesent/blandit.jsp,
145.25.66.1,chicagotribune.com,/metus/sapien/ut.js,
145.25.66.1,purevolume.com,/ullamcorper/augue/a/suscipit/nulla/elit/ac.png,302
145.25.66.1,shareasale.com,/in/hac.aspx,302
210.32.14.25,flavors.me,/ipsum/ac.xml,200
145.25.66.1,engadget.com,/tincidunt/nulla/mollis/molestie.json,
145.25.66.1,dmoz.org,/consequat/dui/nec.jpg,302
145.25.66.1,list-manage.com,/a/nibh/in/quis/justo/maecenas/rhoncus.jpg,200
145.25.66.1,cnbc.com,/risus/dapibus/augue/vel/accumsan.jpg,
210.32.14.25,indiegogo.com,/viverra/eget/congue.json,
105.23.6.4,lycos.com,/varius/nulla.json,302
210.32.14.25,mlb.com,/nisl/ut/volutpat/sapien.html,200
145.25.66.1,baidu.com,/consectetuer/eget/rutrum.jpg,302
210.32.14.25,washington.edu,/a/suscipit.js,
210.32.14.25,timesonline.co.uk,/sed/justo/pellentesque/viverra.json,200
145.25.66.1,utexas.edu,/enim/in/tempor/turpis.xml,
210.32.14.25,eventbrite.com,/ac/nulla/sed/vel.html,302
105.23.6.4,booking.com,/sapien/sapien.js,302
145.25.66.1,plala.or.jp,/venenatis/lacinia/aenean/sit.jpg,302
210.32.14.25,cargocollective.com,/lobortis.jpg,200
210.32.14.25,1und1.de,/convallis.xml,302
145.25.66.1,infoseek.co.jp,/molestie/nibh/in/lectus/pellentesque/at/nulla.js,
105.23.6.4,rambler.ru,/maecenas/leo/odio/condimentum/id/luctus/nec.jpg,302
210.32.14.25,sogou.com,/eleifend/donec.aspx,302
210.32.14.25,boston.com,/sapien.json,
210.32.14.25,foxnews.com,/morbi/non/quam/nec/dui.json,
210.32.14.25,timesonline.co.uk,/congue/diam/id/ornare.html,302
105.23.6.4,timesonline.co.uk,/potenti/nullam/porttitor/lacus.js,302
210.32.14.25,howstuffworks.com,/diam/nam/tristique/tortor/eu.js,302
210.32.14.25,nps.gov,/id/lobortis/convallis.xml,302
145.25.66.1,theglobeandmail.com,/hac/habitasse/platea.html,200
210.32.14.25,studiopress.com,/posuere/cubilia/curae/donec/pharetra/magna.html,302
210.32.14.25,addtoany.com,/in/libero/ut/massa.js,200
210.32.14.25,nifty.com,/pretium.jpg,
105.23.6.4,bing.com,/mattis/nibh/ligula/nec.js,302
145.25.66.1,phoca.cz,/in/porttitor/pede/justo/eu.png,200
210.32.14.25,barnesandnoble.com,/est.json,302
105.23.6.4,cargocollective.com,/congue/eget/semper/rutrum.xml,302
105.23.6.4,kickstarter.com,/feugiat/non/pretium/quis/lectus/suspendisse.js,302
145.25.66.1,purevolume.com,/a/feugiat/et/eros/vestibulum/ac.jsp,302
210.32.14.25,w3.org,/pellentesque/ultrices/phasellus.aspx,200
210.32.14.25,ftc.gov,/sed/accumsan/felis/ut/at/dolor.json,302
210.32.14.25,google.com.br,/mattis/pulvinar/nulla.xml,200
105.23.6.4,guardian.co.uk,/nisi/at.jpg,
145.25.66.1,google.fr,/at/nulla.jsp,200
210.32.14.25,disqus.com,/cubilia/curae.js,302
210.32.14.25,surveymonkey.com,/posuere.png,302
145.25.66.1,sina.com.cn,/pellentesque/eget/nunc/donec/quis.xml,302
145.25.66.1,sogou.com,/mi/in.html,200
105.23.6.4,chron.com,/rhoncus/dui/vel/sem.json,302
210.32.14.25,wiley.com,/lacus/purus/aliquet/at/feugiat/non/pretium.jpg,200
145.25.66.1,vimeo.com,/habitasse/platea.json,
210.32.14.25,51.la,/nisl/duis/bibendum.html,302
145.25.66.1,yellowbook.com,/purus/sit/amet.json,
105.23.6.4,fda.gov,/lorem/ipsum/dolor/sit/amet/consectetuer.png,200
210.32.14.25,columbia.edu,/luctus/et/ultrices/posuere.aspx,
145.25.66.1,quantcast.com,/ipsum/integer/a/nibh/in/quis/justo.js,
210.32.14.25,si.edu,/amet/cursus/id/turpis/integer/aliquet/massa.js,200
145.25.66.1,craigslist.org,/a/libero.xml,
145.25.66.1,163.com,/sed.js,
105.23.6.4,ucoz.ru,/nisl/nunc/nisl/duis/bibendum.xml,200
145.25.66.1,github.com,/convallis/morbi/odio/odio/elementum/eu/interdum.xml,
145.25.66.1,paypal.com,/varius/integer.jpg,
145.25.66.1,desdev.cn,/odio/cras/mi/pede/malesuada/in/imperdiet.png,302
210.32.14.25,cisco.com,/primis/in/faucibus/orci.html,302
105.23.6.4,telegraph.co.uk,/sollicitudin/mi/sit/amet/lobortis.aspx,
145.25.66.1,symantec.com,/nulla/facilisi.png,
145.25.66.1,addthis.com,/vulputate/vitae/nisl/aenean/lectus/pellentesque/eget.jpg,302
145.25.66.1,rakuten.co.jp,/amet/lobortis/sapien/sapien.aspx,200
105.23.6.4,nyu.edu,/congue/risus/semper.js,200
105.23.6.4,upenn.edu,/lectus/suspendisse/potenti.html,302
210.32.14.25,studiopress.com,/in/quis/justo.html,
105.23.6.4,hao123.com,/platea/dictumst.aspx,
210.32.14.25,ucoz.ru,/magna/vulputate/luctus/cum.html,200
210.32.14.25,statcounter.com,/tincidunt/ante/vel/ipsum/praesent/blandit/lacinia.xml,302
145.25.66.1,cbslocal.com,/justo.js,200
105.23.6.4,cyberchimps.com,/sed/lacus/morbi/sem.js,
210.32.14.25,omniture.com,/arcu/libero/rutrum/ac/lobortis/vel.xml,302
210.32.14.25,github.com,/accumsan/felis.js,200
105.23.6.4,zdnet.com,/felis/eu/sapien/cursus.jsp,302
105.23.6.4,altervista.org,/sed/magna.png,
105.23.6.4,columbia.edu,/est/donec/odio/justo.xml,302
105.23.6.4,bbc.co.uk,/quam/pharetra/magna/ac/consequat/metus.js,200
145.25.66.1,stanford.edu,/tincidunt/in/leo/maecenas/pulvinar/lobortis.xml,302
145.25.66.1,twitpic.com,/fusce/consequat/nulla/nisl/nunc.png,302
210.32.14.25,bizjournals.com,/libero/convallis/eget/eleifend/luctus/ultricies/eu.png,302
105.23.6.4,slideshare.net,/non.jsp,302
105.23.6.4,hugedomains.com,/dignissim/vestibulum/vestibulum/ante.aspx,200
105.23.6.4,nifty.com,/aenean/lectus/pellentesque/eget/nunc.aspx,
145.25.66.1,gnu.org,/orci/nullam/molestie/nibh/in.xml,200
145.25.66.1,amazonaws.com,/ipsum/primis/in/faucibus/orci/luctus.aspx,200
210.32.14.25,ca.gov,/sapien.aspx,
105.23.6.4,artisteer.com,/amet.xml,200
210.32.14.25,timesonline.co.uk,/et/magnis/dis/parturient/montes/nascetur.jsp,302
210.32.14.25,illinois.edu,/dui/luctus/rutrum.aspx,302
210.32.14.25,un.org,/maecenas/ut/massa/quis/augue.jpg,
145.25.66.1,qq.com,/quis/odio/consequat.xml,302
145.25.66.1,google.cn,/rhoncus/aliquet/pulvinar/sed.json,
145.25.66.1,twitpic.com,/a/feugiat.jpg,
145.25.66.1,shutterfly.com,/id.html,200
105.23.6.4,ifeng.com,/odio/consequat/varius/integer/ac/leo/pellentesque.json,
145.25.66.1,whitehouse.gov,/arcu/adipiscing.jpg,
105.23.6.4,webmd.com,/in/consequat/ut/nulla.aspx,200
145.25.66.1,angelfire.com,/at/lorem/integer/tincidunt/ante/vel/ipsum.jsp,302
145.25.66.1,yandex.ru,/lectus/vestibulum/quam/sapien/varius.json,
145.25.66.1,theguardian.com,/id/mauris/vulputate.jpg,
105.23.6.4,cyberchimps.com,/vestibulum/ante.js,
145.25.66.1,indiatimes.com,/donec/ut.aspx,200
105.23.6.4,telegraph.co.uk,/ultrices/aliquet/maecenas/leo/odio/condimentum/id.js,200
210.32.14.25,wp.com,/orci.png,200
145.25.66.1,cisco.com,/arcu/libero/rutrum/ac/lobortis/vel.png,302
210.32.14.25,linkedin.com,/turpis/nec/euismod/scelerisque/quam.html,302
105.23.6.4,hubpages.com,/lacus/at/turpis/donec.xml,
210.32.14.25,smh.com.au,/potenti.html,200
210.32.14.25,infoseek.co.jp,/nibh/in/hac/habitasse/platea/dictumst.jsp,200
145.25.66.1,yahoo.com,/enim/sit.html,302
210.32.14.25,toplist.cz,/augue/vel/accumsan/tellus/nisi/eu.html,200
210.32.14.25,bbc.co.uk,/suscipit/a.xml,
145.25.66.1,github.com,/duis/faucibus/accumsan/odio.json,302
105.23.6.4,blog.com,/neque/libero/convallis/eget/eleifend.jsp,200
145.25.66.1,businessweek.com,/lorem/ipsum/dolor/sit.png,302
210.32.14.25,yandex.ru,/a/nibh/in/quis/justo.jpg,200
210.32.14.25,acquirethisname.com,/vestibulum/velit/id/pretium/iaculis/diam.jpg,302
105.23.6.4,free.fr,/pede/malesuada/in/imperdiet/et/commodo/vulputate.jpg,
210.32.14.25,mozilla.org,/habitasse/platea/dictumst/aliquam/augue/quam.xml,200
105.23.6.4,stanford.edu,/habitasse/platea/dictumst/etiam/faucibus.jsp,
105.23.6.4,cnet.com,/nonummy.html,
105.23.6.4,vinaora.com,/sapien/dignissim.jpg,200
105.23.6.4,ovh.net,/lobortis/vel.html,200
210.32.14.25,scribd.com,/aenean/auctor/gravida/sem/praesent/id/massa.xml,200
145.25.66.1,delicious.com,/luctus/nec/molestie/sed/justo/pellentesque/viverra.jsp,
210.32.14.25,ibm.com,/nisl/duis/ac/nibh/fusce/lacus/purus.js,200
105.23.6.4,woothemes.com,/at/nibh/in/hac/habitasse.html,
210.32.14.25,newsvine.com,/ut/ultrices.xml,302
210.32.14.25,cloudflare.com,/integer/ac/leo/pellentesque.js,
105.23.6.4,miibeian.gov.cn,/dolor/vel.jpg,
210.32.14.25,sciencedaily.com,/sapien/cum/sociis/natoque.js,302
145.25.66.1,army.mil,/nec/euismod.jsp,302
105.23.6.4,aol.com,/eu/nibh/quisque/id.jsp,
145.25.66.1,g.co,/in/sagittis/dui/vel/nisl/duis/ac.jpg,
105.23.6.4,biglobe.ne.jp,/augue/quam.js,
145.25.66.1,bbc.co.uk,/sapien/placerat/ante/nulla/justo.xml,
105.23.6.4,biblegateway.com,/penatibus/et/magnis/dis/parturient/montes/nascetur.json,302
105.23.6.4,youtu.be,/sed/augue/aliquam/erat.html,200
105.23.6.4,squidoo.com,/odio/in.html,200
105.23.6.4,g.co,/ipsum/integer/a/nibh/in/quis.jsp,
105.23.6.4,163.com,/libero/rutrum/ac.xml,200
210.32.14.25,youku.com,/augue.png,200
210.32.14.25,slideshare.net,/accumsan.json,
210.32.14.25,virginia.edu,/nisi/eu/orci/mauris.aspx,200
145.25.66.1,sina.com.cn,/ac/leo/pellentesque/ultrices/mattis/odio/donec.png,200
210.32.14.25,seattletimes.com,/nascetur/ridiculus/mus.png,
145.25.66.1,bravesites.com,/nisi.js,302
145.25.66.1,prnewswire.com,/mauris/morbi.png,
105.23.6.4,discovery.com,/in/est/risus/auctor/sed/tristique.html,200
105.23.6.4,soup.io,/est/donec/odio/justo/sollicitudin.jsp,
210.32.14.25,goodreads.com,/ligula/pellentesque/ultrices/phasellus/id/sapien.jpg,200
145.25.66.1,springer.com,/orci/eget/orci.xml,302
210.32.14.25,aol.com,/nonummy/integer/non/velit/donec/diam/neque.png,200
105.23.6.4,umich.edu,/nulla/tellus/in/sagittis/dui/vel/nisl.json,
105.23.6.4,freewebs.com,/quam/sollicitudin.js,302
105.23.6.4,opensource.org,/in/felis/eu/sapien/cursus/vestibulum.js,302
105.23.6.4,bbc.co.uk,/justo/in/blandit/ultrices.json,200
105.23.6.4,geocities.com,/sed/tristique.html,302
145.25.66.1,constantcontact.com,/lectus.jpg,
145.25.66.1,uiuc.edu,/duis/aliquam/convallis/nunc.png,302
210.32.14.25,hhs.gov,/at/nulla.jpg,200
145.25.66.1,lycos.com,/dapibus/duis/at/velit.js,
145.25.66.1,cocolog-nifty.com,/morbi/sem.png,200
210.32.14.25,shareasale.com,/lectus/suspendisse/potenti/in/eleifend/quam.jpg,302
105.23.6.4,house.gov,/nulla/dapibus/dolor/vel/est/donec/odio.html,
105.23.6.4,census.gov,/quis/augue/luctus/tincidunt/nulla.json,302
210.32.14.25,guardian.co.uk,/tortor/duis/mattis/egestas/metus.jsp,
145.25.66.1,cloudflare.com,/ut/dolor/morbi/vel/lectus.html,302
105.23.6.4,ning.com,/gravida/nisi/at/nibh/in/hac/habitasse.png,200
105.23.6.4,taobao.com,/nunc/commodo/placerat/praesent/blandit/nam.aspx,
105.23.6.4,themeforest.net,/nisl/aenean.js,200
210.32.14.25,cbsnews.com,/justo.html,302
105.23.6.4,bbb.org,/proin/at/turpis/a/pede.html,302
105.23.6.4,tripadvisor.com,/pede/posuere.jpg,302
105.23.6.4,symantec.com,/maecenas/tincidunt/lacus/at/velit/vivamus/vel.js,
145.25.66.1,home.pl,/libero.xml,302
105.23.6.4,wordpress.org,/ac/lobortis/vel/dapibus.png,200
145.25.66.1,github.com,/vestibulum/quam/sapien/varius.js,200
145.25.66.1,sourceforge.net,/varius.html,
105.23.6.4,dailymotion.com,/justo/pellentesque/viverra/pede/ac.aspx,302
145.25.66.1,clickbank.net,/tincidunt.json,302
105.23.6.4,buzzfeed.com,/justo/in.json,302
210.32.14.25,ameblo.jp,/at/lorem/integer/tincidunt/ante.jpg,
145.25.66.1,scribd.com,/id.json,302
210.32.14.25,ucoz.ru,/suspendisse/potenti/in/eleifend/quam.jpg,200
210.32.14.25,springer.com,/amet/sem/fusce.xml,302
210.32.14.25,statcounter.com,/ipsum/aliquam/non/mauris.html,302
210.32.14.25,dyndns.org,/sed/accumsan/felis/ut.js,302
145.25.66.1,cdbaby.com,/neque.aspx,
145.25.66.1,jiathis.com,/erat/volutpat/in/congue/etiam/justo.xml,200
105.23.6.4,wiley.com,/nec.aspx,
105.23.6.4,amazon.com,/viverra.aspx,302
210.32.14.25,senate.gov,/aliquet.html,
210.32.14.25,go.com,/eget/tincidunt/eget/tempus/vel/pede.xml,
145.25.66.1,zdnet.com,/amet/sapien/dignissim/vestibulum.jsp,302
105.23.6.4,squidoo.com,/nullam/molestie/nibh/in/lectus.jpg,302
105.23.6.4,simplemachines.org,/amet/nulla/quisque.xml,302
210.32.14.25,baidu.com,/orci/luctus/et/ultrices/posuere/cubilia.jsp,302
145.25.66.1,businessweek.com,/ac/diam/cras/pellentesque.json,302
145.25.66.1,wunderground.com,/nulla/tempus/vivamus/in/felis.xml,200
145.25.66.1,mapquest.com,/ultrices.png,200
105.23.6.4,auda.org.au,/volutpat/dui/maecenas/tristique.jsp,
105.23.6.4,google.ca,/pede/ullamcorper.jpg,
210.32.14.25,techcrunch.com,/imperdiet/nullam/orci/pede/venenatis/non/sodales.xml,302
105.23.6.4,wired.com,/sapien/varius/ut/blandit/non.jsp,
145.25.66.1,furl.net,/at/nulla/suspendisse/potenti/cras.xml,
145.25.66.1,timesonline.co.uk,/est/lacinia.aspx,200
105.23.6.4,ow.ly,/donec/posuere/metus/vitae/ipsum/aliquam/non.png,200
105.23.6.4,printfriendly.com,/hendrerit/at.xml,302
145.25.66.1,princeton.edu,/in/hac.jpg,302
105.23.6.4,merriam-webster.com,/ridiculus/mus.aspx,
105.23.6.4,ycombinator.com,/ultrices/vel/augue/vestibulum.json,302
210.32.14.25,whitehouse.gov,/at/nibh.aspx,302
210.32.14.25,un.org,/non/lectus/aliquam/sit/amet/diam.png,200
210.32.14.25,opensource.org,/erat.html,200
105.23.6.4,bizjournals.com,/ut/tellus/nulla.js,
210.32.14.25,sourceforge.net,/proin/interdum/mauris/non.html,
210.32.14.25,elegantthemes.com,/quam/suspendisse/potenti/nullam.jpg,302
145.25.66.1,ox.ac.uk,/mi/pede/malesuada/in.aspx,
145.25.66.1,shutterfly.com,/pretium/quis/lectus/suspendisse/potenti.js,200
145.25.66.1,mozilla.com,/convallis/duis.aspx,200
210.32.14.25,nydailynews.com,/condimentum/id/luctus/nec/molestie/sed.html,
105.23.6.4,drupal.org,/tristique.html,302
210.32.14.25,hexun.com,/scelerisque.png,302
145.25.66.1,acquirethisname.com,/tincidunt/eu/felis/fusce/posuere/felis.jsp,302
105.23.6.4,instagram.com,/pretium.xml,302
105.23.6.4,about.com,/in/purus/eu/magna/vulputate/luctus.json,200
105.23.6.4,blogspot.com,/mi/sit/amet/lobortis/sapien.xml,302
145.25.66.1,booking.com,/eu.html,
210.32.14.25,storify.com,/enim/blandit/mi/in.aspx,200
145.25.66.1,sohu.com,/neque/aenean/auctor/gravida/sem/praesent.json,
105.23.6.4,typepad.com,/lacinia/erat/vestibulum/sed.jpg,200
145.25.66.1,ibm.com,/id/lobortis/convallis/tortor/risus/dapibus/augue.jsp,
210.32.14.25,so-net.ne.jp,/enim/in/tempor/turpis/nec/euismod.aspx,
210.32.14.25,exblog.jp,/porttitor/id/consequat/in/consequat/ut.jsp,200
105.23.6.4,army.mil,/sagittis/nam.aspx,
210.32.14.25,statcounter.com,/vestibulum.aspx,302
210.32.14.25,livejournal.com,/sem/duis/aliquam.html,200
105.23.6.4,ihg.com,/lacinia/nisi/venenatis/tristique.jsp,
105.23.6.4,theatlantic.com,/volutpat/dui/maecenas/tristique/est/et.html,200
145.25.66.1,ow.ly,/duis/aliquam/convallis/nunc/proin/at.jsp,
210.32.14.25,ovh.net,/in/porttitor/pede.aspx,302
105.23.6.4,cocolog-nifty.com,/sem/fusce/consequat/nulla/nisl/nunc.html,302
145.25.66.1,smugmug.com,/porttitor/lorem/id/ligula/suspendisse/ornare.jpg,
210.32.14.25,4shared.com,/ut/massa/quis/augue.png,
105.23.6.4,chron.com,/lacus/morbi/quis/tortor/id/nulla.js,302
105.23.6.4,ning.com,/sit/amet/turpis.jsp,200
105.23.6.4,webeden.co.uk,/eget/tincidunt.jsp,302
105.23.6.4,prnewswire.com,/sed/ante/vivamus.jsp,
210.32.14.25,shutterfly.com,/suspendisse/potenti/in/eleifend/quam/a/odio.html,200
105.23.6.4,mediafire.com,/maecenas/tincidunt/lacus/at/velit/vivamus.json,
145.25.66.1,example.com,/sit/amet/eleifend/pede/libero.png,302
145.25.66.1,vinaora.com,/vivamus/vestibulum.jsp,302
145.25.66.1,github.io,/luctus.jsp,200
210.32.14.25,sakura.ne.jp,/potenti/in/eleifend/quam.json,
210.32.14.25,delicious.com,/imperdiet/et/commodo/vulputate/justo/in.json,
105.23.6.4,free.fr,/platea/dictumst/maecenas/ut.aspx,302
145.25.66.1,marriott.com,/adipiscing.json,302
210.32.14.25,bluehost.com,/odio/odio.html,302
105.23.6.4,wordpress.org,/quis/libero/nullam/sit/amet.json,200
145.25.66.1,dagondesign.com,/justo/sit/amet/sapien/dignissim.js,302
145.25.66.1,de.vu,/justo/in/hac/habitasse/platea.png,200
145.25.66.1,comcast.net,/eget/orci/vehicula/condimentum.xml,
210.32.14.25,yellowbook.com,/ligula/sit/amet/eleifend/pede/libero/quis.js,
105.23.6.4,adobe.com,/est/quam/pharetra.png,200
145.25.66.1,scientificamerican.com,/a/suscipit/nulla/elit/ac/nulla.jsp,
105.23.6.4,usgs.gov,/nullam/molestie/nibh/in.png,302
145.25.66.1,latimes.com,/amet/turpis/elementum/ligula/vehicula.js,
105.23.6.4,fema.gov,/a/odio/in/hac/habitasse/platea/dictumst.js,
145.25.66.1,cdc.gov,/vestibulum/ante.jsp,
145.25.66.1,goodreads.com,/non/mattis/pulvinar/nulla/pede.html,302
145.25.66.1,cam.ac.uk,/ligula/vehicula/consequat.jsp,200
